"NDB No","Nutr_No","Flav_Val","SD","N","Min","Max","CC"
"01102","734","2.18","","2.0","2.15","2.21","B"
"01102","735","0.0","","2.0","0.0","0.0","B"
"01102","736","0.0","","2.0","0.0","0.0","B"
"01102","737","0.0","","2.0","0.0","0.0","B"
"01102","738","0.0","","2.0","0.0","0.0","B"
"02003","734","0.0","","1.0","","","B"
"02003","735","0.0","","1.0","","","B"
"02003","736","0.0","","1.0","","","B"
"02003","737","0.0","","1.0","","","B"
"02003","738","0.0","","1.0","","","B"
"02009","734","0.0","","1.0","","","B"
"02009","735","0.0","","1.0","","","B"
"02009","736","0.0","","1.0","","","B"
"02009","737","0.0","","1.0","","","B"
"02009","738","0.0","","1.0","","","B"
"02010","734","256.29","","1.0","","","B"
"02010","735","1252.2","","1.0","","","B"
"02010","736","2608.63","","1.0","","","B"
"02010","737","1458.32","","1.0","","","B"
"02010","738","2508.78","","1.0","","","B"
"02011","734","0.0","","1.0","","","B"
"02011","735","0.0","","1.0","","","B"
"02011","736","0.0","","1.0","","","B"
"02011","737","0.0","","1.0","","","B"
"02011","738","0.0","","1.0","","","B"
"02015","734","9.5","","1.0","","","B"
"02015","735","22.88","","1.0","","","B"
"02015","736","41.78","","1.0","","","B"
"02015","737","0.0","","1.0","","","B"
"02015","738","0.0","","1.0","","","B"
"02020","734","0.0","","1.0","","","B"
"02020","735","0.0","","1.0","","","B"
"02020","736","0.0","","1.0","","","B"
"02020","737","0.0","","1.0","","","B"
"02020","738","0.0","","1.0","","","B"
"02021","734","0.0","","1.0","","","B"
"02021","735","0.0","","1.0","","","B"
"02021","736","0.0","","1.0","","","B"
"02021","737","0.0","","1.0","","","B"
"02021","738","0.0","","1.0","","","B"
"02024","734","0.0","","1.0","","","B"
"02024","735","0.0","","1.0","","","B"
"02024","736","0.0","","1.0","","","B"
"02024","737","0.0","","1.0","","","B"
"02024","738","0.0","","1.0","","","B"
"02026","734","0.0","","1.0","","","B"
"02026","735","0.0","","1.0","","","B"
"02026","736","0.0","","1.0","","","B"
"02026","737","0.0","","1.0","","","B"
"02026","738","0.0","","1.0","","","B"
"02027","734","0.0","","1.0","","","B"
"02027","735","0.0","","1.0","","","B"
"02027","736","0.0","","1.0","","","B"
"02027","737","0.0","","1.0","","","B"
"02027","738","0.0","","1.0","","","B"
"02028","734","0.0","","1.0","","","B"
"02028","735","0.0","","1.0","","","B"
"02028","736","0.0","","1.0","","","B"
"02028","737","0.0","","1.0","","","B"
"02028","738","0.0","","1.0","","","B"
"02029","734","0.0","","1.0","","","B"
"02029","735","0.0","","1.0","","","B"
"02029","736","0.0","","1.0","","","B"
"02029","737","0.0","","1.0","","","B"
"02029","738","0.0","","1.0","","","B"
"02030","734","0.0","","1.0","","","B"
"02030","735","0.0","","1.0","","","B"
"02030","736","0.0","","1.0","","","B"
"02030","737","0.0","","1.0","","","B"
"02030","738","0.0","","1.0","","","B"
"02033","734","0.0","","1.0","","","B"
"02033","735","0.0","","1.0","","","B"
"02033","736","0.0","","1.0","","","B"
"02033","737","0.0","","1.0","","","B"
"02033","738","0.0","","1.0","","","B"
"02043","734","0.0","","1.0","","","B"
"02043","735","0.0","","1.0","","","B"
"02043","736","0.0","","1.0","","","B"
"02043","737","0.0","","1.0","","","B"
"02043","738","0.0","","1.0","","","B"
"03091","734","0.0","","2.0","","","B"
"03091","735","0.0","","2.0","","","B"
"03091","736","0.0","","2.0","","","B"
"03091","737","0.0","","2.0","","","B"
"03091","738","0.0","","2.0","","","B"
"03104","734","0.0","","2.0","","","B"
"03104","735","0.0","","2.0","","","B"
"03104","736","0.0","","2.0","","","B"
"03104","737","0.0","","2.0","","","B"
"03104","738","0.0","","2.0","","","B"
"03116","734","6.4","","2.0","","","B"
"03116","735","3.6","","2.0","","","B"
"03116","736","9.8","","2.0","","","B"
"03116","737","6.1","","2.0","","","B"
"03116","738","0.0","","2.0","","","B"
"03121","734","0.0","","2.0","","","B"
"03121","735","0.0","","2.0","","","B"
"03121","736","0.0","","2.0","","","B"
"03121","737","0.0","","2.0","","","B"
"03121","738","0.0","","2.0","","","B"
"03130","734","3.8","0.33","4.0","3.4","4.2","B"
"03130","735","2.8","0.08","4.0","2.7","2.9","B"
"03130","736","8.75","0.69","4.0","7.9","9.6","B"
"03130","737","5.75","0.45","4.0","5.2","6.3","B"
"03130","738","0.0","0.0","4.0","0.0","0.0","B"
"03132","734","2.65","0.45","4.0","2.1","3.2","B"
"03132","735","1.8","0.24","4.0","1.5","2.1","B"
"03132","736","5.7","0.57","4.0","5.0","6.4","B"
"03132","737","3.65","0.04","4.0","3.6","3.7","B"
"03132","738","0.0","0.0","4.0","0.0","0.0","B"
"03165","734","5.1","","2.0","","","B"
"03165","735","2.8","","2.0","","","B"
"03165","736","7.8","","2.0","","","B"
"03165","737","5.2","","2.0","","","B"
"03165","738","2.2","","2.0","","","B"
"03166","734","0.19","","2.0","","","B"
"03166","735","0.19","","2.0","","","B"
"03166","736","0.47","","2.0","","","B"
"03166","737","0.09","","2.0","","","B"
"03166","738","0.0","","2.0","","","B"
"03181","734","9.3","","2.0","","","B"
"03181","735","4.5","","2.0","","","B"
"03181","736","4.1","","2.0","","","B"
"03181","737","0.0","","2.0","","","B"
"03181","738","0.0","","2.0","","","B"
"03225","734","2.7","","2.0","","","B"
"03225","735","1.7","","2.0","","","B"
"03225","736","5.2","","2.0","","","B"
"03225","737","2.9","","2.0","","","B"
"03225","738","0.0","","2.0","","","B"
"09003","734","13.23","13.06","185.0","1.02","105.81","A"
"09003","735","8.04","3.18","39.0","2.88","23.2","B"
"09003","736","24.68","7.94","27.0","11.6","49.5","B"
"09003","737","19.21","7.49","27.0","4.3","39.26","B"
"09003","738","28.8","13.27","27.0","5.2","59.93","B"
"09004","734","12.28","12.37","39.0","0.0","79.55","B"
"09004","735","6.48","1.03","4.0","5.44","7.88","B"
"09004","736","22.75","3.07","4.0","19.31","26.71","B"
"09004","737","18.92","3.04","4.0","15.27","22.51","B"
"09004","738","25.57","6.39","4.0","18.39","33.75","B"
"09016","734","4.4","4.93","32.0","0.0","17.07","B"
"09016","735","2.7","3.82","15.0","0.0","11.52","B"
"09016","736","13.31","17.58","7.0","0.0","49.98","B"
"09016","737","0.06","0.05","3.0","0.0","0.1","B"
"09016","738","0.0","0.0","3.0","0.0","0.0","B"
"09021","734","9.37","4.13","68.0","0.15","23.61","B"
"09021","735","12.41","5.51","62.0","0.01","42.1","B"
"09021","736","4.9","","2.0","","","B"
"09021","737","2.2","","2.0","","","B"
"09021","738","0.8","","2.0","","","B"
"09037","734","1.18","0.87","12.0","0.02","3.28","B"
"09037","735","1.12","0.79","12.0","0.0","2.6","B"
"09037","736","3.35","2.01","9.0","0.0","5.79","B"
"09037","737","0.52","0.7","9.0","0.0","1.96","B"
"09037","738","0.0","0.0","9.0","0.0","0.0","B"
"09040","734","0.38","0.3","8.0","0.0","0.8","B"
"09040","735","0.42","0.4","8.0","0.0","0.94","B"
"09040","736","1.86","1.11","5.0","0.0","2.98","B"
"09040","737","0.0","0.0","5.0","0.0","0.0","B"
"09040","738","0.0","0.0","5.0","0.0","0.0","B"
"09042","734","4.45","3.0","7.0","1.46","9.5","A"
"09042","735","2.11","2.03","7.0","0.06","5.84","A"
"09042","736","7.27","5.02","4.0","3.47","14.56","B"
"09042","737","4.24","4.47","4.0","0.64","10.76","B"
"09042","738","1.51","3.02","4.0","0.0","6.04","B"
"09050","734","6.44","3.24","12.0","1.66","14.5","A"
"09050","735","4.91","3.01","12.0","0.73","13.3","A"
"09050","736","20.52","4.24","9.0","15.75","28.1","A"
"09050","737","14.32","2.02","9.0","10.99","17.4","A"
"09050","738","136.04","48.98","9.0","58.37","200.62","A"
"09052","734","4.83","0.53","15.0","3.69","6.39","B"
"09052","735","1.96","0.31","15.0","1.38","2.91","B"
"09052","736","3.53","0.86","15.0","0.93","5.21","B"
"09052","737","0.28","0.1","15.0","0.0","0.53","B"
"09054","734","6.07","0.33","5.0","","","C"
"09054","735","5.37","0.51","5.0","","","C"
"09054","736","18.7","0.53","5.0","","","C"
"09054","737","3.85","0.78","5.0","","","C"
"09070","734","3.45","0.84","8.0","2.38","4.8","B"
"09070","735","2.71","0.94","8.0","1.85","4.9","B"
"09070","736","6.65","0.78","5.0","5.96","7.74","B"
"09070","737","1.82","0.15","5.0","1.6","2.03","B"
"09070","738","0.0","0.0","5.0","0.0","0.0","B"
"09078","734","17.71","7.84","10.0","8.8","33.16","B"
"09078","735","16.35","5.08","7.0","8.1","22.16","B"
"09078","736","56.84","22.92","7.0","22.0","84.95","B"
"09078","737","46.21","26.4","7.0","7.7","79.99","B"
"09078","738","217.64","53.97","7.0","148.0","276.36","B"
"09079","734","7.7","0.7","3.0","","","C"
"09081","734","4.43","1.46","9.0","1.2","6.9","C"
"09083","734","2.91","0.43","11.0","2.2","3.56","B"
"09083","735","2.19","0.49","11.0","1.2","3.0","B"
"09083","736","7.75","2.53","11.0","2.8","10.6","B"
"09083","737","7.21","4.38","11.0","0.0","10.86","B"
"09083","738","135.08","39.9","11.0","98.7","227.0","B"
"09086","734","14.2","","3.0","","","C"
"09086","735","4.49","","3.0","","","C"
"09087","734","1.84","0.48","7.0","1.28","2.57","A"
"09087","735","3.02","0.46","7.0","2.34","3.67","A"
"09087","736","5.88","0.68","7.0","4.78","6.7","A"
"09087","737","0.0","0.0","7.0","0.0","0.0","A"
"09087","738","0.0","0.0","7.0","0.0","0.0","A"
"09088","734","10.62","","1.0","","","C"
"09088","735","5.63","","1.0","","","C"
"09088","736","10.8","","1.0","","","C"
"09088","737","0.0","","1.0","","","C"
"09088","738","0.0","","1.0","","","C"
"09089","734","0.01","0.01","11.0","0.0","0.03","A"
"09089","735","0.0","0.0","11.0","0.0","0.0","A"
"09089","736","0.0","0.0","8.0","0.0","0.0","A"
"09089","737","0.0","0.0","8.0","0.0","0.0","A"
"09089","738","0.0","0.0","8.0","0.0","0.0","A"
"09107","734","1.72","0.66","8.0","1.0","2.8","B"
"09107","735","1.45","0.97","8.0","0.79","3.7","B"
"09107","736","4.76","1.74","8.0","1.3","6.92","B"
"09107","737","4.74","2.81","8.0","0.0","8.55","B"
"09107","738","68.88","31.09","8.0","35.4","115.0","B"
"09112","734","0.0","0.0","3.0","0.0","0.0","B"
"09112","735","0.0","0.0","3.0","0.0","0.0","B"
"09112","736","0.0","0.0","3.0","0.0","0.0","B"
"09112","737","0.0","0.0","3.0","0.0","0.0","B"
"09112","738","0.0","0.0","3.0","0.0","0.0","B"
"09124","734","0.0","","1.0","","","C"
"09135","734","3.18","","2.0","","","B"
"09135","735","1.19","0.94","3.0","0.0","1.78","B"
"09135","736","7.49","","2.0","","","B"
"09135","737","6.46","","2.0","","","B"
"09135","738","28.37","","2.0","","","B"
"09148","734","0.63","0.22","12.0","0.14","0.87","A"
"09148","735","0.51","0.19","12.0","0.11","0.77","A"
"09148","736","1.25","0.91","9.0","0.0","2.43","A"
"09148","737","0.17","0.26","9.0","0.0","0.54","A"
"09148","738","0.0","0.0","9.0","0.0","0.0","A"
"09159","734","0.0","","1.0","","","B"
"09159","735","0.0","","1.0","","","B"
"09159","736","0.0","","1.0","","","B"
"09159","737","0.0","","1.0","","","B"
"09159","738","0.0","","1.0","","","B"
"09176","734","1.8","","1.0","","","B"
"09176","735","1.4","","1.0","","","B"
"09176","736","7.2","","1.0","","","B"
"09176","737","0.0","","1.0","","","B"
"09176","738","0.0","","1.0","","","B"
"09181","734","0.0","","1.0","","","B"
"09181","735","0.0","","1.0","","","B"
"09181","736","0.0","","1.0","","","B"
"09181","737","0.0","","1.0","","","B"
"09181","738","0.0","","1.0","","","B"
"09184","734","0.0","","1.0","","","B"
"09184","735","0.0","","1.0","","","B"
"09184","736","0.0","","1.0","","","B"
"09184","737","0.0","","1.0","","","B"
"09184","738","0.0","","1.0","","","B"
"09191","734","4.08","5.46","19.0","0.12","23.52","B"
"09191","735","1.78","0.76","9.0","0.68","2.92","A"
"09191","736","5.67","2.92","9.0","2.15","10.17","A"
"09191","737","3.3","2.28","9.0","0.0","6.89","A"
"09191","738","7.53","6.31","9.0","0.0","19.08","A"
"09200","734","0.0","","2.0","0.0","0.0","B"
"09200","735","0.0","","2.0","0.0","0.0","B"
"09200","736","0.0","","2.0","0.0","0.0","B"
"09200","737","0.0","","2.0","0.0","0.0","B"
"09200","738","0.0","","2.0","0.0","0.0","B"
"09202","734","0.0","","1.0","","","B"
"09202","735","0.0","","1.0","","","B"
"09202","736","0.0","","1.0","","","B"
"09202","737","0.0","","1.0","","","B"
"09202","738","0.0","","1.0","","","B"
"09209","734","0.0","0.0","3.0","0.0","0.0","B"
"09209","735","0.0","","1.0","","","B"
"09209","736","0.0","","1.0","","","B"
"09209","737","0.0","","1.0","","","B"
"09209","738","0.0","","1.0","","","B"
"09218","734","0.0","","2.0","0.0","0.0","B"
"09218","735","0.0","","2.0","0.0","0.0","B"
"09218","736","0.0","","2.0","0.0","0.0","B"
"09218","737","0.0","","2.0","0.0","0.0","B"
"09218","738","0.0","","2.0","0.0","0.0","B"
"09236","734","9.86","6.21","22.0","3.1","25.2","B"
"09236","735","4.29","1.42","12.0","2.74","6.94","A"
"09236","736","16.51","6.16","9.0","7.3","26.25","A"
"09236","737","10.07","4.35","9.0","3.1","17.1","A"
"09236","738","21.07","7.77","9.0","12.74","34.54","A"
"09241","734","1.24","","2.0","0.0","2.49","C"
"09241","735","1.22","","2.0","0.0","2.44","C"
"09241","736","1.27","","2.0","0.0","2.54","C"
"09241","737","0.09","","2.0","0.0","0.17","C"
"09241","738","0.0","","1.0","","","B"
"09252","734","2.03","0.94","18.0","0.7","4.33","A"
"09252","735","1.54","0.75","18.0","0.43","3.36","A"
"09252","736","5.96","1.49","12.0","3.7","8.96","A"
"09252","737","4.69","1.77","12.0","0.58","8.02","A"
"09252","738","18.46","14.97","12.0","0.0","56.33","A"
"09266","734","0.0","0.0","6.0","0.0","0.0","B"
"09266","735","0.0","0.0","6.0","0.0","0.0","B"
"09266","736","0.0","0.0","3.0","0.0","0.0","B"
"09266","737","0.0","0.0","3.0","0.0","0.0","B"
"09266","738","0.0","0.0","3.0","0.0","0.0","B"
"09279","734","33.24","16.09","20.0","2.7","74.02","B"
"09279","735","20.65","7.32","12.0","3.0","31.16","A"
"09279","736","52.24","20.99","9.0","5.8","75.7","A"
"09279","737","30.26","15.32","9.0","2.1","54.48","A"
"09279","738","60.52","24.81","9.0","18.37","98.71","A"
"09286","734","0.29","","3.0","","","C"
"09286","735","0.0","","3.0","","","C"
"09291","734","0.0","","1.0","","","B"
"09291","735","0.0","","1.0","","","B"
"09291","736","0.0","","1.0","","","B"
"09291","737","0.0","","1.0","","","B"
"09291","738","0.0","","1.0","","","B"
"09296","734","2.61","","3.0","","","C"
"09296","735","1.22","","3.0","","","C"
"09298","734","0.0","","1.0","","","B"
"09298","735","0.0","","1.0","","","B"
"09298","736","0.0","","1.0","","","B"
"09298","737","0.0","","1.0","","","B"
"09298","738","0.0","","1.0","","","B"
"09302","734","11.78","13.46","13.0","0.0","40.6","B"
"09302","735","5.05","4.81","11.0","0.3","13.92","A"
"09302","736","8.99","4.99","8.0","2.83","15.21","A"
"09302","737","1.13","1.55","8.0","0.0","4.39","A"
"09302","738","0.0","0.0","8.0","0.0","0.0","A"
"09307","734","1.7","","1.0","","","C"
"09307","735","1.8","","1.0","","","C"
"09307","736","3.4","","1.0","","","C"
"09307","737","1.9","","1.0","","","C"
"09307","738","79.0","","1.0","","","C"
"09316","734","5.21","2.27","16.0","0.0","8.7","A"
"09316","735","5.66","2.23","15.0","0.5","9.4","A"
"09316","736","23.32","8.94","12.0","10.5","38.95","A"
"09316","737","16.86","10.83","12.0","0.55","28.84","A"
"09316","738","54.18","33.83","12.0","3.8","97.81","A"
"09326","734","0.0","","2.0","0.0","0.0","B"
"09326","735","0.0","","2.0","0.0","0.0","B"
"09326","736","0.0","","2.0","0.0","0.0","B"
"09326","737","0.0","","2.0","0.0","0.0","B"
"09326","738","0.0","","2.0","0.0","0.0","B"
"09370","734","0.83","0.77","6.0","0.29","1.88","B"
"09370","735","0.17","0.15","6.0","0.0","0.35","B"
"09370","736","0.12","0.15","6.0","0.0","0.37","B"
"09370","737","0.01","0.02","3.0","0.0","0.03","B"
"09370","738","0.0","","2.0","0.0","0.0","B"
"09413","734","2.81","1.25","4.0","1.55","4.33","B"
"09413","735","2.29","0.92","4.0","1.37","3.36","B"
"09413","736","6.47","1.87","4.0","4.66","8.96","B"
"09413","737","4.57","0.97","4.0","3.68","5.91","B"
"09413","738","13.11","11.3","4.0","0.97","23.32","B"
"09430","734","0.0","0.0","7.0","0.0","0.0","A"
"09430","735","0.0","0.0","7.0","0.0","0.0","A"
"09430","736","0.0","0.0","7.0","0.0","0.0","A"
"09430","737","0.0","0.0","7.0","0.0","0.0","A"
"09430","738","0.0","0.0","7.0","0.0","0.0","A"
"09442","735","0.0","","1.0","","","C"
"09500","734","12.64","3.88","17.0","7.91","25.5","B"
"09500","735","11.75","5.04","8.0","6.44","23.2","A"
"09500","736","32.77","10.3","5.0","21.37","49.5","B"
"09500","737","23.11","5.99","5.0","15.1","30.35","B"
"09500","738","36.75","11.84","5.0","21.6","54.25","B"
"09501","734","7.36","1.64","18.0","4.58","10.6","B"
"09501","735","4.73","1.37","7.0","2.88","6.4","B"
"09501","736","21.77","1.21","4.0","20.58","23.17","B"
"09501","737","18.75","1.01","4.0","17.55","19.98","B"
"09501","738","26.46","2.77","4.0","23.17","29.78","B"
"09502","734","12.9","2.53","13.0","9.71","18.37","B"
"09502","735","8.59","1.55","8.0","7.07","11.35","A"
"09502","736","30.78","6.94","5.0","22.3","41.55","B"
"09502","737","25.92","10.8","5.0","9.1","39.26","B"
"09502","738","38.77","18.77","5.0","8.6","59.93","B"
"09503","734","9.55","0.3","3.0","9.26","9.86","B"
"09503","735","6.24","0.23","3.0","6.05","6.49","B"
"09503","736","21.28","1.51","3.0","19.93","22.91","B"
"09503","737","18.73","1.36","3.0","17.74","20.28","B"
"09503","738","30.68","5.56","3.0","26.63","37.02","B"
"09504","734","9.92","2.64","4.0","6.48","12.9","B"
"09504","735","6.09","1.43","4.0","4.29","7.78","B"
"09504","736","19.09","4.31","4.0","13.76","24.32","B"
"09504","737","13.81","2.79","4.0","10.62","17.43","B"
"09504","738","14.22","3.06","4.0","11.18","18.48","B"
"11008","734","0.0","","1.0","","","B"
"11008","735","0.0","","1.0","","","B"
"11008","736","0.0","","1.0","","","B"
"11008","737","0.0","","1.0","","","B"
"11008","738","0.0","","1.0","","","B"
"11012","734","0.0","","1.0","","","B"
"11012","735","0.0","","1.0","","","B"
"11012","736","0.0","","1.0","","","B"
"11012","737","0.0","","1.0","","","B"
"11012","738","0.0","","1.0","","","B"
"11052","734","0.0","","3.0","","","C"
"11052","735","0.0","","3.0","","","C"
"11080","734","0.0","","1.0","","","C"
"11080","735","0.0","","1.0","","","C"
"11080","736","0.0","","1.0","","","C"
"11080","737","0.0","","1.0","","","C"
"11080","738","0.0","","1.0","","","C"
"11088","734","91.81","33.79","33.0","17.89","205.17","B"
"11088","735","21.73","14.37","33.0","0.0","78.2","B"
"11090","734","0.0","","2.0","0.0","0.0","B"
"11090","735","0.0","","2.0","0.0","0.0","B"
"11090","736","0.0","","2.0","0.0","0.0","B"
"11090","737","0.0","","2.0","0.0","0.0","B"
"11090","738","0.0","","2.0","0.0","0.0","B"
"11091","734","0.0","","1.0","","","B"
"11091","735","0.0","","1.0","","","B"
"11091","736","0.0","","1.0","","","B"
"11091","737","0.0","","1.0","","","B"
"11091","738","0.0","","1.0","","","B"
"11096","734","0.0","","1.0","","","B"
"11096","735","0.0","","1.0","","","B"
"11096","736","0.0","","1.0","","","B"
"11096","737","0.0","","1.0","","","B"
"11096","738","0.0","","1.0","","","B"
"11097","734","0.0","","1.0","","","B"
"11097","735","0.0","","1.0","","","B"
"11097","736","0.0","","1.0","","","B"
"11097","737","0.0","","1.0","","","B"
"11097","738","0.0","","1.0","","","B"
"11109","734","0.0","","1.0","","","C"
"11109","735","0.0","","1.0","","","C"
"11109","736","0.0","","1.0","","","C"
"11109","737","0.0","","1.0","","","C"
"11109","738","0.0","","1.0","","","C"
"11110","734","0.0","","1.0","","","B"
"11110","735","0.0","","1.0","","","B"
"11110","736","0.0","","1.0","","","B"
"11110","737","0.0","","1.0","","","B"
"11110","738","0.0","","1.0","","","B"
"11112","734","0.0","","1.0","","","B"
"11112","735","0.0","","1.0","","","B"
"11112","736","0.0","","1.0","","","B"
"11112","737","0.0","","1.0","","","B"
"11112","738","0.0","","1.0","","","B"
"11113","734","0.0","","1.0","","","B"
"11113","735","0.0","","1.0","","","B"
"11113","736","0.0","","1.0","","","B"
"11113","737","0.0","","1.0","","","B"
"11113","738","0.0","","1.0","","","B"
"11116","734","0.0","","1.0","","","C"
"11116","735","0.0","","1.0","","","C"
"11116","736","0.0","","1.0","","","C"
"11116","737","0.0","","1.0","","","C"
"11116","738","0.0","","1.0","","","C"
"11124","734","0.0","0.0","8.0","0.0","0.0","B"
"11124","735","0.0","0.0","8.0","0.0","0.0","B"
"11124","736","0.0","0.0","5.0","0.0","0.0","B"
"11124","737","0.0","0.0","5.0","0.0","0.0","B"
"11124","738","0.0","0.0","5.0","0.0","0.0","B"
"11125","734","0.0","0.0","4.0","0.0","0.0","B"
"11125","735","0.0","0.0","4.0","0.0","0.0","B"
"11125","736","0.0","0.0","4.0","0.0","0.0","B"
"11125","737","0.0","0.0","4.0","0.0","0.0","B"
"11125","738","0.0","0.0","4.0","0.0","0.0","B"
"11135","734","0.0","","1.0","","","C"
"11135","735","0.0","","1.0","","","C"
"11135","736","0.0","","1.0","","","C"
"11135","737","0.0","","1.0","","","C"
"11135","738","0.0","","1.0","","","C"
"11141","734","0.0","","1.0","","","C"
"11141","735","0.0","","1.0","","","C"
"11141","736","0.0","","1.0","","","C"
"11141","737","0.0","","1.0","","","C"
"11141","738","0.0","","1.0","","","C"
"11143","734","0.0","","1.0","","","B"
"11143","735","0.0","","1.0","","","B"
"11143","736","0.0","","1.0","","","B"
"11143","737","0.0","","1.0","","","B"
"11143","738","0.0","","1.0","","","B"
"11167","734","0.0","","1.0","","","B"
"11167","735","0.0","","1.0","","","B"
"11167","736","0.0","","1.0","","","B"
"11167","737","0.0","","1.0","","","B"
"11167","738","0.0","","1.0","","","B"
"11205","734","0.0","","2.0","0.0","0.0","B"
"11205","735","0.0","","2.0","0.0","0.0","B"
"11205","736","0.0","","2.0","0.0","0.0","B"
"11205","737","0.0","","2.0","0.0","0.0","B"
"11205","738","0.0","","2.0","0.0","0.0","B"
"11206","734","0.0","","1.0","","","B"
"11206","735","0.0","","1.0","","","B"
"11206","736","0.0","","1.0","","","B"
"11206","737","0.0","","1.0","","","B"
"11206","738","0.0","","1.0","","","B"
"11209","734","0.0","0.0","4.0","0.0","0.0","C"
"11209","735","0.0","0.0","4.0","0.0","0.0","C"
"11209","736","0.0","","1.0","","","C"
"11209","737","0.0","","1.0","","","C"
"11209","738","0.0","","1.0","","","C"
"11215","734","0.0","","1.0","","","C"
"11215","735","0.0","","1.0","","","C"
"11215","736","0.0","","1.0","","","C"
"11215","737","0.0","","1.0","","","C"
"11215","738","0.0","","1.0","","","C"
"11226","734","0.0","","1.0","","","C"
"11226","735","0.0","","1.0","","","C"
"11226","736","0.0","","1.0","","","C"
"11226","737","0.0","","1.0","","","C"
"11226","738","0.0","","1.0","","","C"
"11248","734","1.86","","1.0","","","D"
"11248","735","0.0","","1.0","","","D"
"11248","736","0.09","","1.0","","","D"
"11251","734","0.0","","1.0","","","B"
"11251","735","0.0","","1.0","","","B"
"11251","736","0.0","","1.0","","","B"
"11251","737","0.0","","1.0","","","B"
"11251","738","0.0","","1.0","","","B"
"11252","734","0.0","0.0","3.0","0.0","0.0","B"
"11252","735","0.0","0.0","3.0","0.0","0.0","B"
"11252","736","0.0","0.0","3.0","0.0","0.0","B"
"11252","737","0.0","0.0","3.0","0.0","0.0","B"
"11252","738","0.0","0.0","3.0","0.0","0.0","B"
"11253","734","0.0","","1.0","","","B"
"11253","735","0.0","","1.0","","","B"
"11253","736","0.0","","1.0","","","B"
"11253","737","0.0","","1.0","","","B"
"11253","738","0.0","","1.0","","","B"
"11257","734","0.0","","2.0","0.0","0.0","B"
"11257","735","0.0","","2.0","0.0","0.0","B"
"11257","736","0.0","","2.0","0.0","0.0","B"
"11257","737","0.0","","2.0","0.0","0.0","B"
"11257","738","0.0","","2.0","0.0","0.0","B"
"11282","734","0.0","0.0","5.0","0.0","0.0","B"
"11282","735","0.0","0.0","5.0","0.0","0.0","B"
"11282","736","0.0","","2.0","0.0","0.0","B"
"11282","737","0.0","","2.0","0.0","0.0","B"
"11282","738","0.0","","2.0","0.0","0.0","B"
"11283","734","0.0","","1.0","","","B"
"11283","735","0.0","","1.0","","","B"
"11283","736","0.0","","1.0","","","B"
"11283","737","0.0","","1.0","","","B"
"11283","738","0.0","","1.0","","","B"
"11294","734","0.0","","1.0","","","B"
"11294","735","0.0","","1.0","","","B"
"11294","736","0.0","","1.0","","","B"
"11294","737","0.0","","1.0","","","B"
"11294","738","0.0","","1.0","","","B"
"11298","734","0.0","","1.0","","","C"
"11298","735","0.0","","1.0","","","C"
"11298","736","0.0","","1.0","","","C"
"11298","737","0.0","","1.0","","","C"
"11298","738","0.0","","1.0","","","C"
"11304","734","0.0","","3.0","","","C"
"11304","735","0.0","","3.0","","","C"
"11333","734","0.0","0.0","9.0","0.0","0.0","B"
"11333","735","0.0","0.0","9.0","0.0","0.0","B"
"11333","736","0.0","0.0","6.0","0.0","0.0","B"
"11333","737","0.0","0.0","6.0","0.0","0.0","B"
"11333","738","0.0","0.0","6.0","0.0","0.0","B"
"11334","734","0.0","0.0","4.0","0.0","0.0","B"
"11334","735","0.0","0.0","4.0","0.0","0.0","B"
"11334","736","0.0","0.0","4.0","0.0","0.0","B"
"11334","737","0.0","0.0","4.0","0.0","0.0","B"
"11334","738","0.0","0.0","4.0","0.0","0.0","B"
"11353","734","0.0","","1.0","","","B"
"11353","735","0.0","","1.0","","","B"
"11353","736","0.0","","1.0","","","B"
"11353","737","0.0","","1.0","","","B"
"11353","738","0.0","","1.0","","","B"
"11354","734","0.0","","1.0","","","B"
"11354","735","0.0","","1.0","","","B"
"11354","736","0.0","","1.0","","","B"
"11354","737","0.0","","1.0","","","B"
"11354","738","0.0","","1.0","","","B"
"11355","734","0.0","","1.0","","","B"
"11355","735","0.0","","1.0","","","B"
"11355","736","0.0","","1.0","","","B"
"11355","737","0.0","","1.0","","","B"
"11355","738","0.0","","1.0","","","B"
"11356","734","0.0","","1.0","","","B"
"11356","735","0.0","","1.0","","","B"
"11356","736","0.0","","1.0","","","B"
"11356","737","0.0","","1.0","","","B"
"11356","738","0.0","","1.0","","","B"
"11357","734","0.0","","1.0","","","B"
"11357","735","0.0","","1.0","","","B"
"11357","736","0.0","","1.0","","","B"
"11357","737","0.0","","1.0","","","B"
"11357","738","0.0","","1.0","","","B"
"11358","734","0.0","","1.0","","","B"
"11358","735","0.0","","1.0","","","B"
"11358","736","0.0","","1.0","","","B"
"11358","737","0.0","","1.0","","","B"
"11358","738","0.0","","1.0","","","B"
"11365","734","0.0","0.0","3.0","0.0","0.0","C"
"11365","735","0.0","0.0","3.0","0.0","0.0","C"
"11365","736","0.0","0.0","3.0","0.0","0.0","C"
"11365","737","0.0","0.0","3.0","0.0","0.0","C"
"11365","738","0.0","0.0","3.0","0.0","0.0","C"
"11367","734","0.0","","2.0","0.0","0.0","C"
"11367","735","0.0","","2.0","0.0","0.0","C"
"11367","736","0.0","","2.0","0.0","0.0","C"
"11367","737","0.0","","2.0","0.0","0.0","C"
"11367","738","0.0","","2.0","0.0","0.0","C"
"11429","734","0.0","","2.0","0.0","0.0","B"
"11429","735","0.0","","2.0","0.0","0.0","B"
"11429","736","0.0","","2.0","0.0","0.0","B"
"11429","737","0.0","","2.0","0.0","0.0","B"
"11429","738","0.0","","2.0","0.0","0.0","B"
"11435","734","0.0","","1.0","","","C"
"11435","735","0.0","","1.0","","","C"
"11435","736","0.0","","1.0","","","C"
"11435","737","0.0","","1.0","","","C"
"11435","738","0.0","","1.0","","","C"
"11457","734","0.0","","1.0","","","C"
"11457","735","0.0","","1.0","","","C"
"11457","736","0.0","","1.0","","","C"
"11457","737","0.0","","1.0","","","C"
"11457","738","0.0","","1.0","","","C"
"11463","734","0.0","","1.0","","","C"
"11463","735","0.0","","1.0","","","C"
"11463","736","0.0","","1.0","","","C"
"11463","737","0.0","","1.0","","","C"
"11463","738","0.0","","1.0","","","C"
"11477","734","0.0","","1.0","","","C"
"11477","735","0.0","","1.0","","","C"
"11477","736","0.0","","1.0","","","C"
"11477","737","0.0","","1.0","","","C"
"11477","738","0.0","","1.0","","","C"
"11507","734","0.0","","1.0","","","B"
"11507","735","0.0","","1.0","","","B"
"11507","736","0.0","","1.0","","","B"
"11507","737","0.0","","1.0","","","B"
"11507","738","0.0","","1.0","","","B"
"11508","734","0.0","","1.0","","","B"
"11508","735","0.0","","1.0","","","B"
"11508","736","0.0","","1.0","","","B"
"11508","737","0.0","","1.0","","","B"
"11508","738","0.0","","1.0","","","B"
"11510","734","0.0","","1.0","","","B"
"11510","735","0.0","","1.0","","","B"
"11510","736","0.0","","1.0","","","B"
"11510","737","0.0","","1.0","","","B"
"11510","738","0.0","","1.0","","","B"
"11529","734","0.0","0.0","4.0","0.0","0.0","C"
"11529","735","0.0","0.0","4.0","0.0","0.0","C"
"11529","736","0.0","","1.0","","","C"
"11529","737","0.0","","1.0","","","C"
"11529","738","0.0","","1.0","","","C"
"11530","734","0.0","","1.0","","","B"
"11530","735","0.0","","1.0","","","B"
"11530","736","0.0","","1.0","","","B"
"11530","737","0.0","","1.0","","","B"
"11530","738","0.0","","1.0","","","B"
"11564","734","0.0","","1.0","","","C"
"11564","735","0.0","","1.0","","","C"
"11564","736","0.0","","1.0","","","C"
"11564","737","0.0","","1.0","","","C"
"11564","738","0.0","","1.0","","","C"
"11821","734","0.0","0.0","8.0","0.0","0.0","B"
"11821","735","0.0","0.0","8.0","0.0","0.0","B"
"11821","736","0.0","0.0","5.0","0.0","0.0","B"
"11821","737","0.0","0.0","5.0","0.0","0.0","B"
"11821","738","0.0","0.0","5.0","0.0","0.0","B"
"11823","734","0.0","0.0","4.0","0.0","0.0","B"
"11823","735","0.0","0.0","4.0","0.0","0.0","B"
"11823","736","0.0","0.0","4.0","0.0","0.0","B"
"11823","737","0.0","0.0","4.0","0.0","0.0","B"
"11823","738","0.0","0.0","4.0","0.0","0.0","B"
"11953","734","0.0","","3.0","","","C"
"11953","735","0.0","","3.0","","","C"
"11960","734","0.0","","1.0","","","B"
"11960","735","0.0","","1.0","","","B"
"11960","736","0.0","","1.0","","","B"
"11960","737","0.0","","1.0","","","B"
"11960","738","0.0","","1.0","","","B"
"12061","734","9.26","3.16","17.0","4.0","18.7","A"
"12061","735","7.63","2.71","17.0","2.7","14.0","A"
"12061","736","27.42","12.67","17.0","7.0","51.36","A"
"12061","737","28.16","10.93","17.0","9.6","51.98","A"
"12061","738","80.26","28.09","8.0","43.86","120.94","A"
"12078","734","0.0","","1.0","","","B"
"12078","735","0.0","","1.0","","","B"
"12078","736","0.0","","1.0","","","B"
"12078","737","0.0","","1.0","","","B"
"12078","738","0.0","","1.0","","","B"
"12087","734","2.02","0.42","7.0","1.49","2.55","A"
"12087","735","0.0","0.0","7.0","0.0","0.0","A"
"12087","736","0.0","0.0","7.0","0.0","0.0","A"
"12087","737","0.0","0.0","7.0","0.0","0.0","A"
"12087","738","0.0","0.0","7.0","0.0","0.0","A"
"12099","734","0.01","","3.0","","","C"
"12099","735","0.02","","3.0","","","C"
"12120","734","12.51","3.84","8.0","4.43","17.73","A"
"12120","735","13.56","3.93","8.0","4.93","17.09","A"
"12120","736","67.72","20.34","8.0","22.78","85.57","A"
"12120","737","74.6","21.9","8.0","26.06","102.69","A"
"12120","738","322.44","102.48","8.0","98.1","442.95","A"
"12132","734","0.0","","1.0","","","B"
"12132","735","0.0","","1.0","","","B"
"12132","736","0.0","","1.0","","","B"
"12132","737","0.0","","1.0","","","B"
"12132","738","0.0","","1.0","","","B"
"12142","734","42.13","5.42","8.0","33.74","49.46","A"
"12142","735","26.03","1.98","8.0","22.82","28.77","A"
"12142","736","101.43","10.45","8.0","87.44","119.79","A"
"12142","737","84.23","12.9","8.0","65.0","99.54","A"
"12142","738","223.01","59.05","8.0","140.58","297.31","A"
"12147","734","0.0","","1.0","","","B"
"12147","735","0.0","","1.0","","","B"
"12147","736","0.0","","1.0","","","B"
"12147","737","0.0","","1.0","","","B"
"12147","738","0.0","","1.0","","","B"
"12151","734","13.26","1.8","7.0","10.11","15.1","A"
"12151","735","10.51","1.22","7.0","8.49","12.0","A"
"12151","736","42.24","5.23","7.0","32.33","47.26","A"
"12151","737","37.93","4.93","7.0","28.36","43.28","A"
"12151","738","122.46","37.1","7.0","53.25","158.74","A"
"12155","734","5.65","0.89","8.0","4.02","6.63","A"
"12155","735","7.19","1.16","8.0","5.04","8.49","A"
"12155","736","22.05","3.31","8.0","16.64","26.14","A"
"12155","737","5.41","0.81","8.0","4.2","6.54","A"
"12155","738","20.02","9.27","8.0","5.34","39.43","A"
"14003","734","0.82","0.42","8.0","0.08","1.17","B"
"14003","735","0.16","0.07","7.0","0.07","0.3","B"
"14003","736","0.34","0.1","3.0","0.21","0.4","B"
"14003","737","0.0","0.0","3.0","0.0","0.0","B"
"14003","738","0.0","0.0","3.0","0.0","0.0","B"
"14096","734","12.3","8.9","270.0","0.5","95.1","B"
"14096","735","2.43","2.25","73.0","0.17","15.7","B"
"14096","736","2.51","1.05","57.0","0.54","8.6","B"
"14096","737","3.77","1.95","3.0","1.3","5.0","B"
"14096","738","8.6","3.79","3.0","3.8","11.0","B"
"14097","734","15.16","7.79","34.0","1.06","39.32","A"
"14097","735","2.64","","1.0","","","C"
"14099","734","18.33","9.89","20.0","6.7","53.51","B"
"14100","734","11.41","2.03","10.0","8.25","15.65","B"
"14106","734","0.28","0.06","90.0","0.04","0.56","B"
"14106","735","0.07","0.01","49.0","0.0","0.11","B"
"14106","736","0.04","0.0","45.0","0.02","0.06","B"
"14108","734","10.97","0.2","4.0","10.72","11.21","C"
"14209","734","0.0","0.0","5.0","0.0","0.0","B"
"14209","735","0.0","0.0","5.0","0.0","0.0","B"
"14209","736","0.0","","2.0","0.0","0.0","B"
"14209","737","0.0","","2.0","0.0","0.0","B"
"14209","738","0.0","","2.0","0.0","0.0","B"
"14242","734","2.04","0.4","5.0","1.59","2.71","B"
"14242","735","1.59","","2.0","","","B"
"14242","736","4.58","","2.0","","","B"
"14242","737","3.84","","2.0","","","B"
"14242","738","8.33","","2.0","","","B"
"14278","734","2.6","0.73","4.0","2.21","3.8","C"
"14278","735","0.7","0.3","4.0","0.54","1.2","C"
"14278","736","0.95","","1.0","","","C"
"14278","737","0.0","","1.0","","","C"
"14278","738","0.0","","1.0","","","C"
"14317","734","20.6","11.59","3.0","11.7","33.7","C"
"14317","735","8.77","5.24","3.0","5.4","14.8","C"
"14317","736","12.1","9.66","3.0","5.6","23.2","C"
"14317","737","0.77","0.68","3.0","0.0","1.3","C"
"14355","734","2.98","1.39","4.0","0.7","3.74","C"
"14355","735","0.37","0.02","4.0","0.34","0.38","C"
"14355","736","0.35","","1.0","","","C"
"14355","737","0.0","","1.0","","","C"
"14355","738","0.0","","1.0","","","C"
"14431","734","2.23","0.53","4.0","1.36","2.53","C"
"14602","734","14.69","3.71","14.0","4.9","22.66","B"
"16001","734","19.4","","2.0","","","B"
"16001","735","18.1","","2.0","","","B"
"16001","736","80.0","","2.0","","","B"
"16001","737","75.7","","2.0","","","B"
"16001","738","252.9","","2.0","","","B"
"16014","734","5.2","","2.0","","","B"
"16014","735","0.0","","2.0","0.0","0.0","B"
"16014","736","0.0","","2.0","0.0","0.0","B"
"16014","737","0.0","","2.0","0.0","0.0","B"
"16014","738","0.0","","2.0","0.0","0.0","B"
"16032","734","26.4","","2.0","","","B"
"16032","735","29.1","","2.0","","","B"
"16032","736","117.7","","2.0","","","B"
"16032","737","105.3","","2.0","","","B"
"16032","738","263.4","","2.0","","","B"
"16037","734","0.0","","1.0","","","B"
"16037","735","0.0","","1.0","","","B"
"16037","736","0.0","","1.0","","","B"
"16037","737","0.0","","1.0","","","B"
"16037","738","0.0","","1.0","","","B"
"16042","734","19.22","12.69","7.0","2.16","34.37","B"
"16042","735","16.18","12.0","7.0","0.0","29.81","B"
"16042","736","125.9","9.21","4.0","112.69","132.52","B"
"16042","737","135.62","10.43","4.0","120.64","143.75","B"
"16042","738","459.63","34.15","4.0","410.41","489.3","B"
"16043","734","4.4","0.36","4.0","3.9","4.7","B"
"16043","735","3.91","0.32","4.0","3.44","4.15","B"
"16043","736","10.52","5.46","4.0","4.24","15.19","B"
"16043","737","4.32","5.48","4.0","0.0","11.43","B"
"16043","738","1.41","1.66","4.0","0.0","3.23","B"
"16049","734","0.03","0.0","3.0","0.03","0.03","C"
"16049","735","0.0","0.0","3.0","0.0","0.0","C"
"16052","734","0.0","","1.0","","","C"
"16052","735","0.0","","1.0","","","C"
"16052","736","0.0","","1.0","","","C"
"16052","737","0.0","","1.0","","","C"
"16052","738","0.0","","1.0","","","C"
"16056","734","0.0","","3.0","","","C"
"16056","735","0.0","","3.0","","","C"
"16062","734","18.92","8.66","20.0","3.52","48.78","B"
"16062","735","21.58","9.07","20.0","6.1","55.74","B"
"16062","736","47.9","14.85","20.0","7.3","93.25","B"
"16062","737","9.81","9.52","20.0","0.0","47.28","B"
"16062","738","32.66","13.96","20.0","0.0","74.14","B"
"16069","734","1.2","0.29","4.0","1.04","1.67","C"
"16069","735","0.11","0.2","4.0","0.0","0.44","C"
"16069","736","0.03","","1.0","","","D"
"16085","734","0.0","","1.0","","","C"
"16085","735","0.0","","1.0","","","C"
"16085","736","0.0","","1.0","","","C"
"16085","737","0.0","","1.0","","","C"
"16085","738","0.0","","1.0","","","C"
"16087","734","33.2","","1.0","","","C"
"16087","735","48.8","","1.0","","","C"
"16087","736","48.1","","1.0","","","C"
"16087","737","0.0","","1.0","","","C"
"16087","738","0.0","","1.0","","","C"
"16089","734","4.07","0.7","4.0","3.12","4.72","B"
"16089","735","3.67","0.46","4.0","3.2","4.2","B"
"16089","736","2.77","0.2","4.0","2.57","2.97","B"
"16089","737","0.0","0.0","4.0","0.0","0.0","B"
"16089","738","0.0","0.0","4.0","0.0","0.0","B"
"16098","734","3.0","0.76","3.0","2.12","3.5","B"
"16098","735","8.14","3.49","3.0","4.14","10.59","B"
"16098","736","0.0","0.0","3.0","0.0","0.0","B"
"16098","737","0.0","0.0","3.0","0.0","0.0","B"
"16098","738","0.0","0.0","3.0","0.0","0.0","B"
"16108","734","0.0","","2.0","0.0","0.0","B"
"16108","735","0.0","","2.0","0.0","0.0","B"
"16108","736","0.0","","2.0","0.0","0.0","B"
"16108","737","0.0","","2.0","0.0","0.0","B"
"16108","738","0.0","","2.0","0.0","0.0","B"
"19078","734","162.84","41.64","6.0","117.0","217.38","B"
"19078","735","123.63","31.23","6.0","98.0","186.0","B"
"19078","736","358.4","114.68","8.0","191.0","563.0","B"
"19078","737","240.22","84.68","8.0","121.0","366.0","B"
"19078","738","562.75","164.85","8.0","301.0","830.0","B"
"19081","734","2.56","","3.0","","","C"
"19081","735","1.38","","3.0","","","C"
"19120","734","22.82","3.44","16.0","18.0","32.0","B"
"19120","735","16.04","3.44","16.0","11.0","23.0","B"
"19120","736","51.09","11.57","8.0","38.0","68.0","B"
"19120","737","29.83","12.04","8.0","8.6","45.42","B"
"19120","738","55.53","43.01","8.0","0.0","114.0","B"
"19165","734","277.13","131.98","12.0","38.2","438.0","B"
"19165","735","195.73","93.67","12.0","28.7","360.0","B"
"19165","736","419.05","336.89","12.0","38.4","1094.0","B"
"19165","737","925.18","875.93","12.0","3.1","2110.0","B"
"19165","738","2435.11","1354.96","9.0","404.0","4025.0","B"
"19166","734","96.47","62.24","17.0","12.0","188.0","B"
"19166","735","29.24","28.76","17.0","4.0","98.0","B"
"19166","736","39.82","65.94","17.0","1.0","239.0","B"
"19166","737","365.53","305.39","17.0","36.0","1297.0","B"
"19166","738","720.35","575.33","17.0","133.0","2465.0","B"
"19905","734","61.04","11.26","58.0","31.2","128.0","A"
"19905","735","39.11","9.75","58.0","21.1","108.0","A"
"19905","736","159.73","132.53","12.0","55.5","454.0","B"
"19905","737","93.01","92.2","12.0","16.3","295.0","B"
"19905","738","316.24","250.3","8.0","12.5","697.0","B"
"20004","734","33.64","11.06","35.0","17.55","59.0","B"
"20004","735","30.56","12.95","32.0","14.6","67.1","B"
"20004","736","27.2","0.0","2.0","27.2","27.2","B"
"20004","737","0.0","0.0","2.0","0.0","0.0","B"
"20004","738","0.0","0.0","2.0","0.0","0.0","B"
"20008","734","5.79","2.17","8.0","3.61","8.57","C"
"20008","735","1.59","0.81","8.0","0.72","3.25","C"
"20011","734","46.51","","1.0","","","D"
"20031","734","0.0","","1.0","","","C"
"20031","735","0.0","","1.0","","","C"
"20031","736","0.0","","1.0","","","C"
"20031","737","0.0","","1.0","","","C"
"20031","738","0.0","","1.0","","","C"
"20033","734","0.0","","1.0","","","C"
"20033","735","0.0","","1.0","","","C"
"20033","736","0.0","","1.0","","","C"
"20033","737","0.0","","1.0","","","C"
"20033","738","0.0","","1.0","","","C"
"20036","734","0.0","","3.0","","","C"
"20036","735","0.0","","3.0","","","C"
"20036","736","0.0","","3.0","","","C"
"20036","737","0.0","","3.0","","","C"
"20038","734","0.0","","2.0","0.0","0.0","B"
"20038","735","0.0","","2.0","0.0","0.0","B"
"20038","736","0.0","","2.0","0.0","0.0","B"
"20038","737","0.0","","2.0","0.0","0.0","B"
"20038","738","0.0","","2.0","0.0","0.0","B"
"20044","734","0.0","0.0","7.0","0.0","0.0","B"
"20044","735","0.0","0.0","7.0","0.0","0.0","B"
"20044","736","0.0","0.0","7.0","0.0","0.0","B"
"20044","737","0.0","0.0","5.0","0.0","0.0","B"
"20044","738","0.0","","2.0","0.0","0.0","B"
"20064","734","0.0","","1.0","","","C"
"20064","735","0.0","","1.0","","","C"
"20064","736","0.0","","1.0","","","C"
"20064","737","0.0","","1.0","","","C"
"20064","738","0.0","","1.0","","","C"
"20067","734","36.06","0.54","4.0","35.4","36.72","B"
"20067","735","46.21","0.5","4.0","45.6","46.82","B"
"20067","736","228.13","3.37","4.0","224.0","232.25","B"
"20067","737","293.78","3.74","4.0","289.2","298.35","B"
"20067","738","1346.28","31.83","4.0","1307.3","1385.26","B"
"20077","734","0.0","","1.0","","","C"
"20077","735","0.0","","1.0","","","C"
"20077","736","0.0","","1.0","","","C"
"20077","737","0.0","","1.0","","","C"
"20077","738","0.0","","1.0","","","C"
"20080","734","0.0","0.0","4.0","0.0","0.0","C"
"20080","735","0.0","0.0","4.0","0.0","0.0","C"
"20080","736","0.0","","1.0","","","C"
"20080","737","0.0","","1.0","","","C"
"20080","738","0.0","","1.0","","","C"
"20088","734","2.14","0.78","18.0","0.0","4.24","B"
"20088","735","3.29","1.83","18.0","0.0","6.92","B"
"20088","736","5.32","2.95","18.0","0.0","11.43","B"
"20130","734","15.77","3.86","17.0","4.7","20.8","B"
"20130","735","22.02","7.35","17.0","3.4","29.4","B"
"20130","736","5.3","","1.0","","","C"
"20130","737","0.0","","1.0","","","C"
"20130","738","0.0","","1.0","","","C"
"35130","734","0.0","","1.0","","","B"
"35130","735","0.0","","1.0","","","B"
"35130","736","0.0","","1.0","","","B"
"35130","737","0.0","","1.0","","","B"
"35130","738","0.0","","1.0","","","B"
"35131","734","0.0","","1.0","","","B"
"35131","735","0.0","","1.0","","","B"
"35131","736","0.0","","1.0","","","B"
"35131","737","0.0","","1.0","","","B"
"35131","738","0.0","","1.0","","","B"
"35132","734","0.0","","1.0","","","B"
"35132","735","0.0","","1.0","","","B"
"35132","736","0.0","","1.0","","","B"
"35132","737","0.0","","1.0","","","B"
"35132","738","0.0","","1.0","","","B"
"35138","734","1.98","","1.0","","","B"
"35138","735","1.49","","1.0","","","B"
"35138","736","4.62","","1.0","","","B"
"35138","737","3.19","","1.0","","","B"
"35138","738","3.5","","1.0","","","B"
"35192","734","0.0","","1.0","","","B"
"35192","735","0.0","","1.0","","","B"
"35192","736","0.0","","1.0","","","B"
"35192","737","0.0","","1.0","","","B"
"35192","738","0.0","","1.0","","","B"
"35193","734","0.0","","1.0","","","B"
"35193","735","0.0","","1.0","","","B"
"35193","736","0.0","","1.0","","","B"
"35193","737","0.0","","1.0","","","B"
"35193","738","0.0","","1.0","","","B"
"35194","734","0.0","","1.0","","","B"
"35194","735","0.0","","1.0","","","B"
"35194","736","0.0","","1.0","","","B"
"35194","737","0.0","","1.0","","","B"
"35194","738","0.0","","1.0","","","B"
"43007","734","0.0","","2.0","","","B"
"43007","735","0.0","","2.0","","","B"
"43007","736","0.0","","2.0","","","B"
"43007","737","0.0","","2.0","","","B"
"43007","738","0.0","","2.0","","","B"
"43201","734","0.0","0.0","3.0","0.0","0.0","C"
"43201","735","0.0","0.0","3.0","0.0","0.0","C"
"43408","734","0.09","","2.0","","","B"
"43408","735","0.09","","2.0","","","B"
"43408","736","0.0","","2.0","","","B"
"43408","737","0.0","","2.0","","","B"
"43408","738","0.0","","2.0","","","B"
"44074","734","0.19","","2.0","","","B"
"44074","735","0.19","","2.0","","","B"
"44074","736","0.37","","2.0","","","B"
"44074","737","0.0","","2.0","","","B"
"44074","738","0.0","","2.0","","","B"
"97002","734","4.56","","3.0","","","C"
"97003","734","360.88","590.56","51.0","16.0","3197.7","A"
"97003","735","44.07","113.57","49.0","0.0","687.5","B"
"97003","736","664.0","","1.0","","","B"
"97003","737","400.3","","1.0","","","B"
"97003","738","1100.1","","1.0","","","B"
"97004","734","35.31","23.2","16.0","0.0","82.95","B"
"97004","735","7.32","6.21","14.0","0.0","18.0","B"
"97005","734","1.3","","3.0","","","C"
"97005","735","0.63","","3.0","","","C"
"97007","734","6.6","0.0","3.0","6.6","6.6","C"
"97007","735","3.69","0.0","3.0","3.69","3.69","C"
"97011","734","3.4","","2.0","","","B"
"97011","735","2.4","","2.0","","","B"
"97011","736","2.2","","2.0","","","B"
"97011","737","0.0","","2.0","","","B"
"97011","738","0.0","","2.0","","","B"
"97014","734","84.1","44.82","4.0","42.8","147.2","C"
"97014","735","51.53","25.32","4.0","28.7","87.5","C"
"97016","734","0.0","0.0","3.0","0.0","0.0","C"
"97016","735","0.0","0.0","3.0","0.0","0.0","C"
"97017","734","0.0","","2.0","","","B"
"97017","735","0.0","","2.0","","","B"
"97017","736","0.0","","2.0","","","B"
"97017","737","0.0","","2.0","","","B"
"97017","738","0.0","","2.0","","","B"
"97018","734","8.9","","2.0","","","B"
"97018","735","5.1","","2.0","","","B"
"97018","736","17.8","","2.0","","","B"
"97018","737","12.3","","2.0","","","B"
"97018","738","14.8","","2.0","","","B"
"97020","734","7.3","","2.0","","","B"
"97020","735","4.3","","2.0","","","B"
"97020","736","14.9","","2.0","","","B"
"97020","737","10.6","","2.0","","","B"
"97020","738","14.0","","2.0","","","B"
"97021","734","3.4","","2.0","","","B"
"97021","735","2.3","","2.0","","","B"
"97021","736","7.6","","2.0","","","B"
"97021","737","4.6","","2.0","","","B"
"97021","738","0.0","","2.0","","","B"
"97022","734","2.5","","2.0","","","B"
"97022","735","1.9","","2.0","","","B"
"97022","736","8.1","","2.0","","","B"
"97022","737","7.1","","2.0","","","B"
"97022","738","4.4","","2.0","","","B"
"97023","734","4.0","","2.0","","","B"
"97023","735","2.7","","2.0","","","B"
"97023","736","10.3","","2.0","","","B"
"97023","737","7.4","","2.0","","","B"
"97023","738","7.3","","2.0","","","B"
"97024","734","1.0","","2.0","","","B"
"97024","735","0.9","","2.0","","","B"
"97024","736","3.8","","2.0","","","B"
"97024","737","3.3","","2.0","","","B"
"97024","738","2.8","","2.0","","","B"
"97025","734","1.8","","2.0","","","B"
"97025","735","1.3","","2.0","","","B"
"97025","736","5.3","","2.0","","","B"
"97025","737","4.4","","2.0","","","B"
"97025","738","4.4","","2.0","","","B"
"97030","734","95.56","18.32","5.0","77.19","122.09","B"
"97030","735","123.72","17.19","5.0","99.2","147.8","B"
"97030","736","650.32","92.09","5.0","531.03","774.79","B"
"97030","737","784.19","101.42","5.0","625.89","904.23","B"
"97030","738","2927.64","335.38","5.0","2440.4","3384.67","B"
"97031","734","43.49","","1.0","","","D"
"97034","734","831.29","","1.0","","","C"
"97034","735","785.7","","1.0","","","C"
"97034","736","2690.78","","1.0","","","C"
"97034","737","2224.21","","1.0","","","C"
"97034","738","1568.49","","1.0","","","C"
"97041","734","0.0","","3.0","","","C"
"97041","735","0.0","","3.0","","","C"
"97046","734","27.71","","2.0","26.06","29.36","C"
"97049","734","11.93","14.87","10.0","0.13","39.91","B"
"97054","734","23.45","16.95","10.0","4.76","49.57","B"
"97063","734","13.25","5.61","6.0","8.0","23.5","B"
"97063","735","14.17","3.86","6.0","10.3","21.2","B"
"97063","736","84.61","2.4","6.0","80.6","88.13","B"
"97063","737","127.39","28.16","6.0","76.1","156.06","B"
"97063","738","1131.24","489.89","6.0","238.3","1622.11","B"
"97068","734","8.92","7.67","12.0","6.0","34.16","B"
"97068","735","5.79","","2.0","5.44","6.13","B"
"97068","736","21.16","","2.0","19.31","23.01","B"
"97068","737","17.54","","2.0","15.27","19.8","B"
"97068","738","22.4","","2.0","18.39","26.4","B"
"97071","734","14.8","6.19","3.0","10.17","21.83","B"
"97071","735","7.18","","2.0","6.48","7.88","B"
"97071","736","24.33","","2.0","21.95","26.71","B"
"97071","737","20.31","","2.0","18.11","22.51","B"
"97071","738","28.75","","2.0","23.75","33.75","B"
"97074","734","2.37","1.32","10.0","1.24","5.26","B"
"97074","735","1.08","0.46","8.0","0.38","1.64","B"
"97074","736","5.39","1.69","5.0","2.7","7.0","B"
"97074","737","4.98","2.94","5.0","0.0","7.44","B"
"97074","738","36.41","20.14","5.0","3.8","54.31","B"
"97075","734","2.73","0.44","7.0","2.11","3.49","A"
"97075","735","2.03","0.31","7.0","1.59","2.61","A"
"97075","736","5.99","1.13","7.0","4.25","7.97","A"
"97075","737","5.36","1.39","7.0","3.64","8.02","A"
"97075","738","24.16","15.28","7.0","10.0","56.33","A"
"97077","734","19.74","","2.0","16.04","23.44","B"
"97077","735","18.84","","2.0","14.91","22.76","B"
"97077","736","57.33","","2.0","49.91","64.74","B"
"97077","737","38.04","","2.0","34.89","41.18","B"
"97077","738","104.96","","2.0","94.58","115.34","B"
"97081","734","0.0","","3.0","","","C"
"97081","735","0.0","","3.0","","","C"
"97085","734","8.45","0.86","3.0","7.36","9.0","B"
"97085","735","6.56","0.38","3.0","6.08","6.8","B"
"97085","736","25.99","0.45","3.0","25.7","26.56","B"
"97085","737","29.31","2.38","3.0","27.8","32.32","B"
"97085","738","255.09","8.39","3.0","244.48","260.4","B"
"97088","734","0.44","","3.0","","","C"
"97088","735","0.04","","3.0","","","C"
"97089","734","0.0","","1.0","","","B"
"97089","735","0.0","","1.0","","","B"
"97089","736","0.0","","1.0","","","B"
"97089","737","0.0","","1.0","","","B"
"97089","738","0.0","","1.0","","","B"
"99002","734","29.38","8.49","37.0","12.0","60.0","B"
"99007","734","0.35","","1.0","","","C"
"99007","735","0.13","","1.0","","","C"
"99007","736","0.38","","1.0","","","C"
"99007","737","0.0","","1.0","","","C"
"99007","738","3.5","","1.0","","","C"
"99012","734","7.82","3.9","8.0","3.2","12.5","B"
"99012","735","6.75","3.08","8.0","2.6","10.3","B"
"99012","736","23.02","13.77","8.0","3.9","40.32","B"
"99012","737","26.5","20.09","8.0","1.3","52.9","B"
"99012","738","1265.98","591.54","8.0","542.6","1990.0","B"
"99021","734","56.2","16.67","6.0","32.5","76.1","B"
"99021","735","51.62","17.13","6.0","29.7","76.0","B"
"99021","736","79.72","33.4","6.0","52.3","140.0","B"
"99021","737","33.93","20.45","6.0","13.3","69.3","B"
"99021","738","103.58","53.84","6.0","47.4","184.0","B"
"99037","734","5.1","","1.0","","","C"
"99037","735","3.6","","1.0","","","C"
"99037","736","11.0","","1.0","","","C"
"99037","737","0.0","","1.0","","","C"
"99037","738","24.0","","1.0","","","C"
"99043","734","2.6","","1.0","","","D"
"99044","734","2.11","0.41","5.0","1.9","2.9","C"
"99044","735","0.77","0.94","5.0","0.0","2.3","C"
"99044","736","5.54","","2.0","4.2","6.87","C"
"99044","737","3.95","","2.0","0.0","7.9","C"
"99044","738","32.6","","2.0","24.0","41.2","C"
"99047","734","1.91","0.6","8.0","1.01","2.9","B"
"99047","735","1.28","0.69","8.0","0.2","2.1","B"
"99047","736","7.4","2.14","5.0","3.6","8.68","B"
"99047","737","7.32","4.12","5.0","0.0","9.9","B"
"99047","738","50.95","21.53","5.0","19.3","79.18","B"
"99050","734","0.24","","1.0","","","C"
"99050","735","0.0","","1.0","","","C"
"99055","734","0.0","","1.0","","","C"
"99055","735","0.0","","1.0","","","C"
"99055","736","0.0","","1.0","","","C"
"99055","737","0.0","","1.0","","","C"
"99055","738","0.0","","1.0","","","C"
"99064","734","1.3","","1.0","","","C"
"99064","735","0.48","","1.0","","","C"
"99064","736","0.0","","1.0","","","C"
"99064","737","0.0","","1.0","","","C"
"99064","738","0.0","","1.0","","","C"
"99065","734","0.55","","1.0","","","C"
"99065","735","0.51","","1.0","","","C"
"99065","736","0.55","","1.0","","","C"
"99065","737","0.58","","1.0","","","C"
"99065","738","0.15","","1.0","","","C"
"99083","734","0.29","0.42","6.0","0.0","1.06","B"
"99083","735","0.11","0.26","6.0","0.0","0.65","B"
"99083","736","0.19","0.33","3.0","0.0","0.58","C"
"99083","737","0.0","0.0","3.0","0.0","0.0","C"
"99083","738","0.0","0.0","3.0","0.0","0.0","C"
"99110","735","0.15","","1.0","","","C"
"99326","734","19.8","","1.0","","","C"
"99326","735","18.6","","1.0","","","C"
"99326","736","33.3","","1.0","","","C"
"99326","737","0.0","","1.0","","","C"
"99326","738","0.92","","1.0","","","C"
"99335","734","2.8","","2.0","1.5","4.1","C"
"99335","735","2.65","","2.0","1.4","3.9","C"
"99335","736","5.75","","2.0","3.8","7.7","C"
"99335","737","3.15","","2.0","2.5","3.8","C"
"99335","738","281.0","","2.0","248.0","314.0","C"
"99337","734","5.9","","2.0","0.4","11.4","C"
"99337","735","6.0","","1.0","","","C"
"99337","736","7.3","","1.0","","","C"
"99337","737","0.0","","1.0","","","C"
"99337","738","0.0","","1.0","","","C"
"99339","734","35.9","","1.0","","","C"
"99339","735","21.2","","1.0","","","C"
"99339","736","32.5","","1.0","","","C"
"99339","737","23.1","","1.0","","","C"
"99339","738","57.7","","1.0","","","C"
"99357","734","6.23","1.04","6.0","5.2","8.1","B"
"99357","735","8.9","2.81","6.0","6.4","14.2","B"
"99357","736","14.8","5.73","6.0","8.7","25.4","B"
"99357","737","7.33","3.55","6.0","0.7","11.3","B"
"99357","738","53.25","17.72","6.0","32.6","85.3","B"
"99399","734","1.74","1.09","3.0","1.1","3.0","C"
"99399","735","8.0","8.16","3.0","0.43","16.65","C"
"99403","734","1.9","","1.0","","","C"
"99403","735","1.0","","1.0","","","C"
"99403","736","0.47","","1.0","","","C"
"99403","737","0.0","","1.0","","","C"
"99403","738","0.0","","1.0","","","C"
"99436","734","4.51","0.89","18.0","3.12","6.57","B"
"99436","735","0.82","0.28","19.0","0.0","1.27","B"
"99439","734","0.86","","3.0","","","C"
"99439","735","0.01","","3.0","","","C"
"99460","734","0.0","","1.0","","","B"
"99460","735","0.0","","1.0","","","B"
"99460","736","0.0","","1.0","","","B"
"99460","737","0.0","","1.0","","","B"
"99460","738","0.0","","1.0","","","B"
"99616","734","20.2","","1.0","","","C"
"99616","735","21.7","","1.0","","","C"
"99616","736","46.1","","1.0","","","C"
"99616","737","21.0","","1.0","","","C"
"99616","738","44.6","","1.0","","","C"
"99664","734","25.55","5.45","39.0","16.57","40.35","B"
"99664","735","24.32","4.87","39.0","16.55","39.27","B"
"99667","734","4.68","0.34","15.0","3.66","5.33","B"
"99667","735","2.63","0.29","15.0","2.09","3.5","B"
"99667","736","5.23","0.42","15.0","4.19","6.42","B"
"99667","737","1.11","0.18","15.0","0.58","1.43","B"
"99668","734","33.9","","1.0","","","C"
"99668","735","14.2","","1.0","","","C"
"99668","736","26.5","","1.0","","","C"
"99668","737","7.6","","1.0","","","C"
"99668","738","0.0","","1.0","","","C"
"99671","734","0.0","","1.0","","","D"
"99672","734","2.81","","2.0","2.8","2.83","B"
"99672","735","0.0","","2.0","0.0","0.0","B"
"99672","736","0.0","","2.0","0.0","0.0","B"
"99672","737","0.0","","2.0","0.0","0.0","B"
"99672","738","0.0","","2.0","0.0","0.0","B"
"99673","734","0.0","","1.0","","","C"
"99673","735","0.0","","1.0","","","C"
"99673","736","0.0","","1.0","","","C"
"99673","737","0.0","","1.0","","","C"
"99673","738","0.0","","1.0","","","C"
"99674","734","0.0","","1.0","","","C"
"99674","735","0.0","","1.0","","","C"
"99674","736","0.0","","1.0","","","C"
"99674","737","0.0","","1.0","","","C"
"99674","738","0.0","","1.0","","","C"
"99675","734","24.2","","1.0","","","C"
"99675","735","9.2","","1.0","","","C"
"99675","736","77.7","","1.0","","","C"
"99675","737","12.9","","1.0","","","C"
"99675","738","404.0","","1.0","","","C"
"99681","734","0.0","","1.0","","","B"
"99681","735","0.0","","1.0","","","B"
"99681","736","0.0","","1.0","","","B"
"99681","737","0.0","","1.0","","","B"
"99681","738","0.0","","1.0","","","B"
"99682","734","3.37","0.52","6.0","2.55","4.2","C"
"99682","735","3.22","1.28","6.0","1.2","5.25","C"
"99682","736","22.89","12.51","6.0","3.1","42.68","C"
"99682","737","20.14","11.85","6.0","1.4","38.88","C"
"99682","738","37.41","","3.0","","","C"
"99683","734","1.2","","2.0","","","C"
"99683","735","1.73","","2.0","","","C"
"99683","736","0.0","","2.0","","","C"
"99684","734","1.19","","2.0","","","C"
"99684","735","0.0","","2.0","","","C"
"99684","736","0.0","","2.0","","","C"
"99685","734","2.5","","3.0","","","C"
"99685","735","5.2","","3.0","","","C"
"99685","736","15.9","","3.0","","","C"
"99685","737","6.92","","3.0","","","C"
